{
  "file_name": "N08E080_200821_200710_Ver_3_0_Area1",
  "product": "JFP",
  "source_data": {
    "S00": {
      "file_name": "N08E080_WBD349_D_R_RSP049_20200821_159_SARD000000306083-00015_RSP049_N10D",
      "product": "Tile",
      "obs_date": "20200821",
      "polarization": "HH+HV",
      "rsp": 49,
      "cycle": 159,
      "obs_mode": "WBD",
      "off-nadir_angle": 34.9,
      "satellite_direction": "D",
      "look_side": "R",
      "replay_id": "SARD000000306083-00015",
      "version": "2.4.4",
      "DEM": "SRTM1",
      "upper_left_latitude": 8,
      "upper_left_longitude": 80,
      "pixel": 2250,
      "line": 2250,
      "Credit": "JAXA Processed by JJ-FAST(JICA/JAXA)"
    },
    "S01": {
      "file_name": "N08E080_WBD349_D_R_RSP049_20171201_088_SARD000000184113-00015_RSP049_N10D",
      "product": "Tile",
      "obs_date": "20171201",
      "polarization": "HH+HV",
      "rsp": 49,
      "cycle": 88,
      "obs_mode": "WBD",
      "off-nadir_angle": 34.9,
      "satellite_direction": "D",
      "look_side": "R",
      "replay_id": "SARD000000184113-00015",
      "version": "2.3.2",
      "DEM": "SRTM1",
      "upper_left_latitude": 8,
      "upper_left_longitude": 80,
      "pixel": 2250,
      "line": 2250,
      "Credit": "JAXA Processed by JJ-FAST(JICA/JAXA)"
    },
    "S02": {
      "file_name": "N08E080_WBD349_D_R_RSP049_20180209_093_SARD000000193573-00022_RSP049_N10D",
      "product": "Tile",
      "obs_date": "20180209",
      "polarization": "HH+HV",
      "rsp": 49,
      "cycle": 93,
      "obs_mode": "WBD",
      "off-nadir_angle": 34.9,
      "satellite_direction": "D",
      "look_side": "R",
      "replay_id": "SARD000000193573-00022",
      "version": "2.3.3",
      "DEM": "SRTM1",
      "upper_left_latitude": 8,
      "upper_left_longitude": 80,
      "pixel": 2250,
      "line": 2250,
      "Credit": "JAXA Processed by JJ-FAST(JICA/JAXA)"
    },
    "S03": {
      "file_name": "N08E080_WBD349_D_R_RSP049_20180504_099_SARD000000204605-00016_RSP049_N10D",
      "product": "Tile",
      "obs_date": "20180504",
      "polarization": "HH+HV",
      "rsp": 49,
      "cycle": 99,
      "obs_mode": "WBD",
      "off-nadir_angle": 34.9,
      "satellite_direction": "D",
      "look_side": "R",
      "replay_id": "SARD000000204605-00016",
      "version": "2.4.0",
      "DEM": "SRTM1",
      "upper_left_latitude": 8,
      "upper_left_longitude": 80,
      "pixel": 2250,
      "line": 2250,
      "Credit": "JAXA Processed by JJ-FAST(JICA/JAXA)"
    },
    "S04": {
      "file_name": "N08E080_WBD349_D_R_RSP049_20180615_102_SARD000000209759-00014_RSP049_N10D",
      "product": "Tile",
      "obs_date": "20180615",
      "polarization": "HH+HV",
      "rsp": 49,
      "cycle": 102,
      "obs_mode": "WBD",
      "off-nadir_angle": 34.9,
      "satellite_direction": "D",
      "look_side": "R",
      "replay_id": "SARD000000209759-00014",
      "version": "2.4.2",
      "DEM": "SRTM1",
      "upper_left_latitude": 8,
      "upper_left_longitude": 80,
      "pixel": 2250,
      "line": 2250,
      "Credit": "JAXA Processed by JJ-FAST(JICA/JAXA)"
    },
    "S05": {
      "file_name": "N08E080_WBD349_D_R_RSP049_20180713_104_SARD000000212972-00004_RSP049_N10D",
      "product": "Tile",
      "obs_date": "20180713",
      "polarization": "HH+HV",
      "rsp": 49,
      "cycle": 104,
      "obs_mode": "WBD",
      "off-nadir_angle": 34.9,
      "satellite_direction": "D",
      "look_side": "R",
      "replay_id": "SARD000000212972-00004",
      "version": "2.4.2",
      "DEM": "SRTM1",
      "upper_left_latitude": 8,
      "upper_left_longitude": 80,
      "pixel": 2250,
      "line": 2250,
      "Credit": "JAXA Processed by JJ-FAST(JICA/JAXA)"
    },
    "S06": {
      "file_name": "N08E080_WBD349_D_R_RSP049_20181005_110_SARD000000225468-00014_RSP049_N10D",
      "product": "Tile",
      "obs_date": "20181005",
      "polarization": "HH+HV",
      "rsp": 49,
      "cycle": 110,
      "obs_mode": "WBD",
      "off-nadir_angle": 34.9,
      "satellite_direction": "D",
      "look_side": "R",
      "replay_id": "SARD000000225468-00014",
      "version": "2.4.2",
      "DEM": "SRTM1",
      "upper_left_latitude": 8,
      "upper_left_longitude": 80,
      "pixel": 2250,
      "line": 2250,
      "Credit": "JAXA Processed by JJ-FAST(JICA/JAXA)"
    },
    "S07": {
      "file_name": "N08E080_WBD349_D_R_RSP049_20181116_113_SARD000000230585-00018_RSP049_N10D",
      "product": "Tile",
      "obs_date": "20181116",
      "polarization": "HH+HV",
      "rsp": 49,
      "cycle": 113,
      "obs_mode": "WBD",
      "off-nadir_angle": 34.9,
      "satellite_direction": "D",
      "look_side": "R",
      "replay_id": "SARD000000230585-00018",
      "version": "2.4.2",
      "DEM": "SRTM1",
      "upper_left_latitude": 8,
      "upper_left_longitude": 80,
      "pixel": 2250,
      "line": 2250,
      "Credit": "JAXA Processed by JJ-FAST(JICA/JAXA)"
    },
    "S08": {
      "file_name": "N08E080_WBD349_D_R_RSP049_20181228_116_SARD000000236708-00000_RSP049_N10D",
      "product": "Tile",
      "obs_date": "20181228",
      "polarization": "HH+HV",
      "rsp": 49,
      "cycle": 116,
      "obs_mode": "WBD",
      "off-nadir_angle": 34.9,
      "satellite_direction": "D",
      "look_side": "R",
      "replay_id": "SARD000000236708-00000",
      "version": "2.4.3",
      "DEM": "SRTM1",
      "upper_left_latitude": 8,
      "upper_left_longitude": 80,
      "pixel": 2250,
      "line": 2250,
      "Credit": "JAXA Processed by JJ-FAST(JICA/JAXA)"
    },
    "S09": {
      "file_name": "N08E080_WBD349_D_R_RSP049_20190208_119_SARD000000241431-00019_RSP049_N10D",
      "product": "Tile",
      "obs_date": "20190208",
      "polarization": "HH+HV",
      "rsp": 49,
      "cycle": 119,
      "obs_mode": "WBD",
      "off-nadir_angle": 34.9,
      "satellite_direction": "D",
      "look_side": "R",
      "replay_id": "SARD000000241431-00019",
      "version": "2.4.3",
      "DEM": "SRTM1",
      "upper_left_latitude": 8,
      "upper_left_longitude": 80,
      "pixel": 2250,
      "line": 2250,
      "Credit": "JAXA Processed by JJ-FAST(JICA/JAXA)"
    },
    "S10": {
      "file_name": "N08E080_WBD349_D_R_RSP049_20190503_125_SARD000000254159-00019_RSP049_N10D",
      "product": "Tile",
      "obs_date": "20190503",
      "polarization": "HH+HV",
      "rsp": 49,
      "cycle": 125,
      "obs_mode": "WBD",
      "off-nadir_angle": 34.9,
      "satellite_direction": "D",
      "look_side": "R",
      "replay_id": "SARD000000254159-00019",
      "version": "2.4.3",
      "DEM": "SRTM1",
      "upper_left_latitude": 8,
      "upper_left_longitude": 80,
      "pixel": 2250,
      "line": 2250,
      "Credit": "JAXA Processed by JJ-FAST(JICA/JAXA)"
    },
    "S11": {
      "file_name": "N08E080_WBD349_D_R_RSP049_20190614_128_SARD000000259189-00019_RSP049_N10D",
      "product": "Tile",
      "obs_date": "20190614",
      "polarization": "HH+HV",
      "rsp": 49,
      "cycle": 128,
      "obs_mode": "WBD",
      "off-nadir_angle": 34.9,
      "satellite_direction": "D",
      "look_side": "R",
      "replay_id": "SARD000000259189-00019",
      "version": "2.4.3",
      "DEM": "SRTM1",
      "upper_left_latitude": 8,
      "upper_left_longitude": 80,
      "pixel": 2250,
      "line": 2250,
      "Credit": "JAXA Processed by JJ-FAST(JICA/JAXA)"
    },
    "S12": {
      "file_name": "N08E080_WBD349_D_R_RSP049_20190712_130_SARD000000263543-00014_RSP049_N10D",
      "product": "Tile",
      "obs_date": "20190712",
      "polarization": "HH+HV",
      "rsp": 49,
      "cycle": 130,
      "obs_mode": "WBD",
      "off-nadir_angle": 34.9,
      "satellite_direction": "D",
      "look_side": "R",
      "replay_id": "SARD000000263543-00014",
      "version": "2.4.3",
      "DEM": "SRTM1",
      "upper_left_latitude": 8,
      "upper_left_longitude": 80,
      "pixel": 2250,
      "line": 2250,
      "Credit": "JAXA Processed by JJ-FAST(JICA/JAXA)"
    },
    "S13": {
      "file_name": "N08E080_WBD349_D_R_RSP049_20190823_133_SARD000000270008-00016_RSP049_N10D",
      "product": "Tile",
      "obs_date": "20190823",
      "polarization": "HH+HV",
      "rsp": 49,
      "cycle": 133,
      "obs_mode": "WBD",
      "off-nadir_angle": 34.9,
      "satellite_direction": "D",
      "look_side": "R",
      "replay_id": "SARD000000270008-00016",
      "version": "2.4.3",
      "DEM": "SRTM1",
      "upper_left_latitude": 8,
      "upper_left_longitude": 80,
      "pixel": 2250,
      "line": 2250,
      "Credit": "JAXA Processed by JJ-FAST(JICA/JAXA)"
    },
    "S14": {
      "file_name": "N08E080_WBD349_D_R_RSP049_20191115_139_SARD000000280837-00012_RSP049_N10D",
      "product": "Tile",
      "obs_date": "20191115",
      "polarization": "HH+HV",
      "rsp": 49,
      "cycle": 139,
      "obs_mode": "WBD",
      "off-nadir_angle": 34.9,
      "satellite_direction": "D",
      "look_side": "R",
      "replay_id": "SARD000000280837-00012",
      "version": "2.4.3",
      "DEM": "SRTM1",
      "upper_left_latitude": 8,
      "upper_left_longitude": 80,
      "pixel": 2250,
      "line": 2250,
      "Credit": "JAXA Processed by JJ-FAST(JICA/JAXA)"
    },
    "S15": {
      "file_name": "N08E080_WBD349_D_R_RSP049_20191227_142_SARD000000284614-00013_RSP049_N10D",
      "product": "Tile",
      "obs_date": "20191227",
      "polarization": "HH+HV",
      "rsp": 49,
      "cycle": 142,
      "obs_mode": "WBD",
      "off-nadir_angle": 34.9,
      "satellite_direction": "D",
      "look_side": "R",
      "replay_id": "SARD000000284614-00013",
      "version": "2.4.3",
      "DEM": "SRTM1",
      "upper_left_latitude": 8,
      "upper_left_longitude": 80,
      "pixel": 2250,
      "line": 2250,
      "Credit": "JAXA Processed by JJ-FAST(JICA/JAXA)"
    },
    "S16": {
      "file_name": "N08E080_WBD349_D_R_RSP049_20200207_145_SARD000000287965-00012_RSP049_N10D",
      "product": "Tile",
      "obs_date": "20200207",
      "polarization": "HH+HV",
      "rsp": 49,
      "cycle": 145,
      "obs_mode": "WBD",
      "off-nadir_angle": 34.9,
      "satellite_direction": "D",
      "look_side": "R",
      "replay_id": "SARD000000287965-00012",
      "version": "2.4.3",
      "DEM": "SRTM1",
      "upper_left_latitude": 8,
      "upper_left_longitude": 80,
      "pixel": 2250,
      "line": 2250,
      "Credit": "JAXA Processed by JJ-FAST(JICA/JAXA)"
    },
    "S17": {
      "file_name": "N08E080_WBD349_D_R_RSP049_20200320_148_SARD000000290790-00015_RSP049_N10D",
      "product": "Tile",
      "obs_date": "20200320",
      "polarization": "HH+HV",
      "rsp": 49,
      "cycle": 148,
      "obs_mode": "WBD",
      "off-nadir_angle": 34.9,
      "satellite_direction": "D",
      "look_side": "R",
      "replay_id": "SARD000000290790-00015",
      "version": "2.4.4",
      "DEM": "SRTM1",
      "upper_left_latitude": 8,
      "upper_left_longitude": 80,
      "pixel": 2250,
      "line": 2250,
      "Credit": "JAXA Processed by JJ-FAST(JICA/JAXA)"
    },
    "S18": {
      "file_name": "N08E080_WBD349_D_R_RSP049_20200501_151_SARD000000294575-00012_RSP049_N10D",
      "product": "Tile",
      "obs_date": "20200501",
      "polarization": "HH+HV",
      "rsp": 49,
      "cycle": 151,
      "obs_mode": "WBD",
      "off-nadir_angle": 34.9,
      "satellite_direction": "D",
      "look_side": "R",
      "replay_id": "SARD000000294575-00012",
      "version": "2.4.4",
      "DEM": "SRTM1",
      "upper_left_latitude": 8,
      "upper_left_longitude": 80,
      "pixel": 2250,
      "line": 2250,
      "Credit": "JAXA Processed by JJ-FAST(JICA/JAXA)"
    },
    "S19": {
      "file_name": "N08E080_WBD349_D_R_RSP049_20200612_154_SARD000000298510-00013_RSP049_N10D",
      "product": "Tile",
      "obs_date": "20200612",
      "polarization": "HH+HV",
      "rsp": 49,
      "cycle": 154,
      "obs_mode": "WBD",
      "off-nadir_angle": 34.9,
      "satellite_direction": "D",
      "look_side": "R",
      "replay_id": "SARD000000298510-00013",
      "version": "2.4.4",
      "DEM": "SRTM1",
      "upper_left_latitude": 8,
      "upper_left_longitude": 80,
      "pixel": 2250,
      "line": 2250,
      "Credit": "JAXA Processed by JJ-FAST(JICA/JAXA)"
    },
    "S20": {
      "file_name": "N08E080_WBD349_D_R_RSP049_20200710_156_SARD000000301121-00013_RSP049_N10D",
      "product": "Tile",
      "obs_date": "20200710",
      "polarization": "HH+HV",
      "rsp": 49,
      "cycle": 156,
      "obs_mode": "WBD",
      "off-nadir_angle": 34.9,
      "satellite_direction": "D",
      "look_side": "R",
      "replay_id": "SARD000000301121-00013",
      "version": "2.4.4",
      "DEM": "SRTM1",
      "upper_left_latitude": 8,
      "upper_left_longitude": 80,
      "pixel": 2250,
      "line": 2250,
      "Credit": "JAXA Processed by JJ-FAST(JICA/JAXA)"
    }
  },
  "polygon_info": {
    "method": "MANUAL",
    "version": "3.2",
    "P0001": {
      "Country": "Sri_Lanka",
      "Continent": "Southern_Asia",
      "ChangeArea": 2.0,
      "Accuracy": 1,
      "Polygon_id": "N08E080_200821_200710_0000000A",
      "State": "Kurunegala",
      "Town": "Galgamuwa",
      "Latitude": "N7°58′15″",
      "Longitude": "E80°11′0″",
      "Algorithm": "HV",
      "AlgoVer": "Ver.3.0",
      "Threshold": "Area1",
      "CONTENTS": "Deforestation"
    },
    "P0002": {
      "Country": "Sri_Lanka",
      "Continent": "Southern_Asia",
      "ChangeArea": 4.25,
      "Accuracy": 1,
      "Polygon_id": "N08E080_200821_200710_0000001A",
      "State": "Kurunegala",
      "Town": "Polpithigama",
      "Latitude": "N7°47′19″",
      "Longitude": "E80°28′47″",
      "Algorithm": "HV",
      "AlgoVer": "Ver.3.0",
      "Threshold": "Area1",
      "CONTENTS": "Deforestation"
    },
    "P0003": {
      "Country": "Sri_Lanka",
      "Continent": "Southern_Asia",
      "ChangeArea": 3.0,
      "Accuracy": 1,
      "Polygon_id": "N08E080_200821_200710_0000002A",
      "State": "Kurunegala",
      "Town": "Wariyapola",
      "Latitude": "N7°37′9″",
      "Longitude": "E80°20′36″",
      "Algorithm": "HV",
      "AlgoVer": "Ver.3.0",
      "Threshold": "Area1",
      "CONTENTS": "Deforestation"
    },
    "P0004": {
      "Country": "Sri_Lanka",
      "Continent": "Southern_Asia",
      "ChangeArea": 5.25,
      "Accuracy": 1,
      "Polygon_id": "N08E080_200821_200710_0000003A",
      "State": "Kegalle",
      "Town": "Warakapola",
      "Latitude": "N7°15′23″",
      "Longitude": "E80°12′34″",
      "Algorithm": "HV",
      "AlgoVer": "Ver.3.0",
      "Threshold": "Area1",
      "CONTENTS": "Deforestation"
    },
    "P0005": {
      "Country": "Sri_Lanka",
      "Continent": "Southern_Asia",
      "ChangeArea": 2.0,
      "Accuracy": 1,
      "Polygon_id": "N08E080_200821_200710_0000004A",
      "State": "Kegalle",
      "Town": "Aranayaka",
      "Latitude": "N7°10′3″",
      "Longitude": "E80°25′7″",
      "Algorithm": "HV",
      "AlgoVer": "Ver.3.0",
      "Threshold": "Area1",
      "CONTENTS": "Deforestation"
    },
    "P0006": {
      "Country": "Sri_Lanka",
      "Continent": "Southern_Asia",
      "ChangeArea": 2.0,
      "Accuracy": 2,
      "Polygon_id": "N08E080_200821_200710_0000005A",
      "State": "Kegalle",
      "Town": "Galigamuwa",
      "Latitude": "N7°6′37″",
      "Longitude": "E80°16′54″",
      "Algorithm": "HV",
      "AlgoVer": "Ver.3.0",
      "Threshold": "Area1",
      "CONTENTS": "Deforestation"
    }
  },
  "Credit": "JAXA Processed by JJ-FAST(JICA/JAXA)"
}
